{
  "configVersion": 1,
  "timestamp": 1712328946343,
  "index": "/index.html",
  "assetGroups": [
    {
      "name": "app",
      "installMode": "prefetch",
      "updateMode": "prefetch",
      "cacheQueryOptions": {
        "ignoreVary": true
      },
      "urls": [
        "/1048.69dbcaeea17ce263.js",
        "/1172.eb59944f1c300425.js",
        "/1192.10792f3c9034b58d.js",
        "/1488.b40421ca385107a4.js",
        "/1492.868e0f839f5f4b5c.js",
        "/1636.b02522e04c7b7dd9.js",
        "/1644.e2be919357f67b4a.js",
        "/1708.078e71121c8f068f.js",
        "/1812.6815ce6358cf6b47.js",
        "/1840.f4dd0c17e24294e4.js",
        "/2000.c1c4047abab89aa2.js",
        "/2348.7acadf634ed4d067.js",
        "/2372.342af010fc455687.js",
        "/2448.2004498e3f66667d.js",
        "/2580.a7f39e7c61702da0.js",
        "/2624.7a558e424b4e0829.js",
        "/2776.4e45f0c77cc2bcaa.js",
        "/2948.995b395fda6c5e58.js",
        "/3180.be9b71ff5f3ff3bc.js",
        "/3264.f86dde3016097a35.js",
        "/3296.bfdce6f44a0ee763.js",
        "/3500.e69477e8ec804c74.js",
        "/3604.3c77ffe4a4dfa00e.js",
        "/3667.b54d2c4543f6b31d.js",
        "/3684.8fd5ca7cb81e1b3b.js",
        "/3752.8ba246c929c9643f.js",
        "/3936.ad4ecb617d7f518b.js",
        "/4168.b0e7f804cb8e3a07.js",
        "/4272.3e4880f95eea24aa.js",
        "/4284.9c28147c41e96b62.js",
        "/4632.9abcf3da05992f65.js",
        "/4656.9495157405002bec.js",
        "/5024.30c829b4b1835c14.js",
        "/5232.1b7f609472765875.js",
        "/5652.96df2b2b257878ff.js",
        "/5800.8ffa2b99351ce994.js",
        "/5828.ea39c560ede2a6da.js",
        "/5956.8e3c91b4be6a6fe2.js",
        "/5968.543dc0ba08e0fc51.js",
        "/608.6ae0e976845b3729.js",
        "/6080.9424daaf0aea7e6e.js",
        "/6704.46e82276ee5de4c0.js",
        "/6736.a8551c5dc9752751.js",
        "/6824.60be088b7ff71ff6.js",
        "/6932.f22fe83369cdf0bb.js",
        "/7176.84fd7c262ac3572d.js",
        "/7528.35798197e1ad1430.js",
        "/7676.8a1389a979d1c16d.js",
        "/7752.922b189af86e4054.js",
        "/7864.9a3373da2139fd7c.js",
        "/8019.2b2e1881dea88409.js",
        "/8048.70d12d76e65b2539.js",
        "/8204.2b1d218a815d02c1.js",
        "/8232.6a9500bce18d9436.js",
        "/8595.7cdb90ece3e387c8.js",
        "/8772.f6bebeba9af44cb4.js",
        "/8832.7933e483a4c8e35a.js",
        "/8844.7a3dc768c3bf0e5e.js",
        "/8956.3b967861d1d524f5.js",
        "/9428.74947d2a38104244.js",
        "/9440.aff683ab285ed4da.js",
        "/9580.3a5ded1cdc0e00d1.js",
        "/9584.3316d086be2e50ab.js",
        "/9740.fbac09ff16a2d10e.js",
        "/9836.b5b946f7363d9c6d.js",
        "/9924.114a4f25c81e517a.js",
        "/common.994dbc4ef1ae97d0.js",
        "/index.html",
        "/main.157174fe4930f94b.js",
        "/manifest.webmanifest",
        "/polyfills-core-js.16553c7220d31d73.js",
        "/polyfills-dom.d61fca077d08d5d8.js",
        "/polyfills.c63952985b0fb9d0.js",
        "/runtime.d96f5400b7d589b4.js",
        "/styles.9cf6a5a1b1a8d5c1.css"
      ],
      "patterns": []
    },
    {
      "name": "assets",
      "installMode": "lazy",
      "updateMode": "prefetch",
      "cacheQueryOptions": {
        "ignoreVary": true
      },
      "urls": [
        "/assets/icon/favicon-transformed.png",
        "/assets/icon/favicon.png",
        "/assets/icon/icon-128x128.png",
        "/assets/icon/icon-144x144.png",
        "/assets/icon/icon-152x152.png",
        "/assets/icon/icon-192x192.png",
        "/assets/icon/icon-384x384.png",
        "/assets/icon/icon-512x512.png",
        "/assets/icon/icon-72x72.png",
        "/assets/icon/icon-96x96.png",
        "/assets/icon/icon.png",
        "/assets/icon/logo.png",
        "/assets/icon/thumbnail_Outlook-30leoazm.png",
        "/assets/icons/address.svg",
        "/assets/icons/asnm.svg",
        "/assets/icons/back.svg",
        "/assets/icons/bowl-food.svg",
        "/assets/icons/branches.svg",
        "/assets/icons/bulb.svg",
        "/assets/icons/calendar.svg",
        "/assets/icons/campus.svg",
        "/assets/icons/cargo.svg",
        "/assets/icons/chart.svg",
        "/assets/icons/city.svg",
        "/assets/icons/cliente.svg",
        "/assets/icons/codigo.svg",
        "/assets/icons/companies.svg",
        "/assets/icons/company.svg",
        "/assets/icons/company_injection.svg",
        "/assets/icons/contact.svg",
        "/assets/icons/coordinates.svg",
        "/assets/icons/country.svg",
        "/assets/icons/cow_mortality.png",
        "/assets/icons/cow_mortality.svg",
        "/assets/icons/cow_mortality_white.png",
        "/assets/icons/cow_mortality_white.svg",
        "/assets/icons/curtain.svg",
        "/assets/icons/customers.svg",
        "/assets/icons/drinking-animal.svg",
        "/assets/icons/email.svg",
        "/assets/icons/enviroment.svg",
        "/assets/icons/factory.svg",
        "/assets/icons/fan.svg",
        "/assets/icons/farm.png",
        "/assets/icons/farmer.svg",
        "/assets/icons/farms.svg",
        "/assets/icons/female.svg",
        "/assets/icons/floor.svg",
        "/assets/icons/food.svg",
        "/assets/icons/form_injection.svg",
        "/assets/icons/forma_registro.svg",
        "/assets/icons/galpon.svg",
        "/assets/icons/heating.svg",
        "/assets/icons/height.svg",
        "/assets/icons/hen.svg",
        "/assets/icons/hodging.svg",
        "/assets/icons/house-roof.svg",
        "/assets/icons/icon-128x128.png",
        "/assets/icons/icon-144x144.png",
        "/assets/icons/icon-152x152.png",
        "/assets/icons/icon-192x192.png",
        "/assets/icons/icon-384x384.png",
        "/assets/icons/icon-512x512.png",
        "/assets/icons/icon-72x72.png",
        "/assets/icons/icon-96x96.png",
        "/assets/icons/id.svg",
        "/assets/icons/incubator.svg",
        "/assets/icons/injection.svg",
        "/assets/icons/injection_white.svg",
        "/assets/icons/legal.svg",
        "/assets/icons/line.svg",
        "/assets/icons/male.svg",
        "/assets/icons/meter.svg",
        "/assets/icons/moon.svg",
        "/assets/icons/name.svg",
        "/assets/icons/nest.svg",
        "/assets/icons/number.svg",
        "/assets/icons/obs.svg",
        "/assets/icons/over-roof.svg",
        "/assets/icons/papers.svg",
        "/assets/icons/percentage.svg",
        "/assets/icons/phone.svg",
        "/assets/icons/pig.svg",
        "/assets/icons/pig_white.svg",
        "/assets/icons/reset.svg",
        "/assets/icons/rol.svg",
        "/assets/icons/save.svg",
        "/assets/icons/state.svg",
        "/assets/icons/sun.svg",
        "/assets/icons/switch.svg",
        "/assets/icons/town.svg",
        "/assets/icons/users_white.svg",
        "/assets/icons/weigth.svg",
        "/assets/icons/width.svg",
        "/assets/img/clientes.svg",
        "/assets/img/crianza_cerdos.svg",
        "/assets/img/empresas.svg",
        "/assets/img/galpon.png",
        "/assets/img/galpon.svg",
        "/assets/img/lote-postura.png",
        "/assets/img/mortalidad-postura.png",
        "/assets/img/pig.svg",
        "/assets/img/pigs.png",
        "/assets/img/pigs.webp",
        "/assets/img/plan-vacunal.png",
        "/assets/img/porcicultura.svg",
        "/assets/img/postura.svg",
        "/assets/img/sedes.svg",
        "/assets/img/sucursales.svg",
        "/assets/img/user.svg",
        "/assets/img/users.svg",
        "/assets/shapes.svg",
        "/color.dae87a04d07ca92b.png",
        "/hue.8b1818380241e6ac.png",
        "/primeicons.0112589c5695a9ed.ttf",
        "/primeicons.943ab24c43224d29.svg",
        "/primeicons.ba3f916dfb64be8c.woff2",
        "/primeicons.f8b9e8a4e401b603.woff"
      ],
      "patterns": []
    }
  ],
  "dataGroups": [],
  "hashTable": {
    "/1048.69dbcaeea17ce263.js": "524cf8fa6896f5e28ef5f06d123df0c9785aeccf",
    "/1172.eb59944f1c300425.js": "1ab55f6148661a2488136a5365bab5c8eb90c272",
    "/1192.10792f3c9034b58d.js": "cc06fcfe026c65c3b1239b6f01ff81509d7d1981",
    "/1488.b40421ca385107a4.js": "a2e353d5a4d4eddddf868250f4d364378ac47952",
    "/1492.868e0f839f5f4b5c.js": "37498f15ee1e594bb1acb09c05abb73c3a13eb54",
    "/1636.b02522e04c7b7dd9.js": "31b39cc867231b2b8a02d7859d1cbcf616581c98",
    "/1644.e2be919357f67b4a.js": "8922bdb07fa9795e9f2bef6ce2b0f6049fe62392",
    "/1708.078e71121c8f068f.js": "3afe5729feaac2ba34ce4e40132fff2c8ed5bf0f",
    "/1812.6815ce6358cf6b47.js": "19c520a167290847ddded9ea454f0598ce3f79c1",
    "/1840.f4dd0c17e24294e4.js": "3d490ac3b73c80e06be1232d47ef0212376f160f",
    "/2000.c1c4047abab89aa2.js": "1704e659ec876befa6db1b989be90ba1426dd928",
    "/2348.7acadf634ed4d067.js": "162a40b9f4b9fec621fa204256ca5cfc0076fe09",
    "/2372.342af010fc455687.js": "276d05b2e28b6874bc89cd0f17478fbc6df17dfa",
    "/2448.2004498e3f66667d.js": "8bf047bd012ebb121b0d8b2b132cea7ac4652cb9",
    "/2580.a7f39e7c61702da0.js": "79764908c5a6c7dc22549256761e33c54030e43b",
    "/2624.7a558e424b4e0829.js": "f3a206488cbef07b35eaaec5eb6ca348f7f33be7",
    "/2776.4e45f0c77cc2bcaa.js": "78d50b1fef3efe7e80da13ff7631178cdd2d057b",
    "/2948.995b395fda6c5e58.js": "349344b17292ac177222b42baaf7baf286446bad",
    "/3180.be9b71ff5f3ff3bc.js": "519c8a4197fe428b9ee53e78c943b8ab47f24388",
    "/3264.f86dde3016097a35.js": "767f1494ccfbb4b0be521184183407ea30c52e9d",
    "/3296.bfdce6f44a0ee763.js": "f098c82c6216db191eb2ad484bf8aa83dc9055f4",
    "/3500.e69477e8ec804c74.js": "4ecb1cd0fce3cbd254c64cf20e08058ea095abd4",
    "/3604.3c77ffe4a4dfa00e.js": "0143d831ef0aafb8b0c26039409a6220b48e722b",
    "/3667.b54d2c4543f6b31d.js": "ec96ff146a5dd9bc860b2cd00272f4be99ee00f7",
    "/3684.8fd5ca7cb81e1b3b.js": "ce9bd684eb2131199c16dea7dba5456323939f3c",
    "/3752.8ba246c929c9643f.js": "9cb999a0adcb773e1497c2eb27969eaf9a96f7a0",
    "/3936.ad4ecb617d7f518b.js": "bb837bd6c2281a06303af276573539d17d7490a2",
    "/4168.b0e7f804cb8e3a07.js": "05f892625664b6e517180aa2af7af49ed5ebc577",
    "/4272.3e4880f95eea24aa.js": "61a76a72605ba759b4cba8f4fe44e752ff97c955",
    "/4284.9c28147c41e96b62.js": "c62b8996605549c8f0b24a3bea2fa6d187a014ab",
    "/4632.9abcf3da05992f65.js": "0d6a0474e96cf5a1068ec354e7b6d5c2463c3f59",
    "/4656.9495157405002bec.js": "7cf42f6d2b18549af1462de8a6e35019a72d2604",
    "/5024.30c829b4b1835c14.js": "bf3fc3b57ffd95291c079c9b5a8bcb9592d670f4",
    "/5232.1b7f609472765875.js": "5fd8785934d7e65e71fa9b99c64cfaa3aad6d189",
    "/5652.96df2b2b257878ff.js": "68eb77a31b674567640b68ea0b45a9b96b8216ee",
    "/5800.8ffa2b99351ce994.js": "51333ee2c3ae12cb2883e1d518d7d155ceeabfe3",
    "/5828.ea39c560ede2a6da.js": "00709aa7b6c8a30eaaeb10c65a09a2d95a3ab7a1",
    "/5956.8e3c91b4be6a6fe2.js": "74cdc7a5c48d36d735e5c9de46a6108b0412e7e2",
    "/5968.543dc0ba08e0fc51.js": "ac3ce0af33e98f3fd5b154222240f65b7efa46e6",
    "/608.6ae0e976845b3729.js": "7f99258597fbfdc0c0834ddb67038913614b4d88",
    "/6080.9424daaf0aea7e6e.js": "9c54c32c41ad68e77a4a6418c22393afbd93ca7e",
    "/6704.46e82276ee5de4c0.js": "3608840b99cda7767e76f5dfc508e33e10636ca4",
    "/6736.a8551c5dc9752751.js": "c519c089d3be67009bc3b0b97adbac5ce0d3915c",
    "/6824.60be088b7ff71ff6.js": "34de0be5fedc05890f8f80da24e572caeb601bc0",
    "/6932.f22fe83369cdf0bb.js": "dfcd32c71bd35d637441647de99b462dad0f4183",
    "/7176.84fd7c262ac3572d.js": "fecc69d92eafd5a738ec7bbb537f89ebf296ec32",
    "/7528.35798197e1ad1430.js": "1991e67673d219520e6e5c8371d2dec7e0e872af",
    "/7676.8a1389a979d1c16d.js": "5538af4e20783f4f86e9450869707d96238d3617",
    "/7752.922b189af86e4054.js": "01e0f65527b3b05ce0c08309bec0405c03a7428f",
    "/7864.9a3373da2139fd7c.js": "3a0e641e3684798b412e9269a45586b1eaa6c945",
    "/8019.2b2e1881dea88409.js": "6486200de53f5c07575249870cd96b575e51aabb",
    "/8048.70d12d76e65b2539.js": "ca25914ae634957bc96af90a26994e2afb1f5e8d",
    "/8204.2b1d218a815d02c1.js": "b788a8ab5e5cd130dd9fc5546f9245ec68cb3e39",
    "/8232.6a9500bce18d9436.js": "40df11ba90d752131949f5f668d5bcc4045aa8a2",
    "/8595.7cdb90ece3e387c8.js": "052ea609df3899f2376b6e1ee64ebb14ce4ec770",
    "/8772.f6bebeba9af44cb4.js": "4cea4a61d02cf4fd109bea17d1f9ad49f97d7ecc",
    "/8832.7933e483a4c8e35a.js": "5fac07a5e522f2db3d87c3fb4ab78b0d57bc4cfa",
    "/8844.7a3dc768c3bf0e5e.js": "ec49f0954791123ca6c4158cdb22ab5c15d553dd",
    "/8956.3b967861d1d524f5.js": "f38a9e68ea1be81eb4736c71edab16ab5d4097b3",
    "/9428.74947d2a38104244.js": "e30a1ebd8340c0eadc89d6234a04e599f045d672",
    "/9440.aff683ab285ed4da.js": "2162af07511982d3324d1812552a8dc167586812",
    "/9580.3a5ded1cdc0e00d1.js": "1b714622225c6eeedef77346cd0f489bb85dba03",
    "/9584.3316d086be2e50ab.js": "35d20fecd2e42b5c49f7560fb0add012002c2ead",
    "/9740.fbac09ff16a2d10e.js": "5a680e82c1459142c58883bbd83334bcb76926d1",
    "/9836.b5b946f7363d9c6d.js": "541d990a24598ae44ade8b91db1e172d1e05ee0b",
    "/9924.114a4f25c81e517a.js": "17a20b8340ead9d33b774868e9fcec8e45ef7858",
    "/assets/icon/favicon-transformed.png": "691d9a159b18a14f7193b1cb7f4040070c0661e3",
    "/assets/icon/favicon.png": "dcdd8da6914d2da28f54cd78ed7406463ddd0c02",
    "/assets/icon/icon-128x128.png": "dcc93d1543068ec9fc3e08a671949af1912e2608",
    "/assets/icon/icon-144x144.png": "e4f0d78656915d118a0ca957f80b13f0c3853286",
    "/assets/icon/icon-152x152.png": "37ff8b112f60d83f4b5cce38073b534176a4ad16",
    "/assets/icon/icon-192x192.png": "bdaef2e6104315912c6f21b1ef022a2507b25b39",
    "/assets/icon/icon-384x384.png": "8d8ce8dccb1737b9b26201be7b8540eac5b53ef0",
    "/assets/icon/icon-512x512.png": "da6daaba884eef34713f7a98281d0abab5aecc0a",
    "/assets/icon/icon-72x72.png": "e73e61d285063bc348a5c60a953775246243a0b5",
    "/assets/icon/icon-96x96.png": "df4e770e65bff575cb417e9d10d289f59c988fcd",
    "/assets/icon/icon.png": "ed121932975f676de3a39e63315d5c49856db591",
    "/assets/icon/logo.png": "c58291c45cb6fa8816cacb96ceb635eb8faded14",
    "/assets/icon/thumbnail_Outlook-30leoazm.png": "ebe086b6d610cbf1697d4a669b72e26163cb3bbd",
    "/assets/icons/address.svg": "8308d157e4e855dbbff40893b77b4f6f95235707",
    "/assets/icons/asnm.svg": "b6ea561e2ca2f278b2ba5ee5f3f714c2d97f28a6",
    "/assets/icons/back.svg": "67ca8fbf5a9637170053195076eb21edeccc2ece",
    "/assets/icons/bowl-food.svg": "8a8f0b7d2067aaa26bee06a567c29248b6d590b9",
    "/assets/icons/branches.svg": "4ede52133ee2dbebeb993bca9492cfa9bafc2e81",
    "/assets/icons/bulb.svg": "f4fc5d4e3d0b3ae84d2432e9d97de757562d012b",
    "/assets/icons/calendar.svg": "ab61a346fe3e67cbdcf06e43b3cfbc24da1ebbff",
    "/assets/icons/campus.svg": "d8c57ec00afc39445f4f52a9210515d58d7d159a",
    "/assets/icons/cargo.svg": "8828180e558f688c4089a4edf0d1c96dee4c7adb",
    "/assets/icons/chart.svg": "963da3c0211af6069b12d5d1d4a8d8c5a2fa5e44",
    "/assets/icons/city.svg": "af1a7cd4ea1f7d5c20094f0b76559d60b6714815",
    "/assets/icons/cliente.svg": "7da9db9f7862fc02a8ab857cb154689ec6dca6ea",
    "/assets/icons/codigo.svg": "6011fd2dd42d3a1d02bd7d8f9c08915c40952c6e",
    "/assets/icons/companies.svg": "4b623ad7c9e9de0c094077c29f89f1a19eb2f288",
    "/assets/icons/company.svg": "12cf93ffe16b2eca72d96120960186c960c61ca5",
    "/assets/icons/company_injection.svg": "6ff750cce26bd063ab35fc4ec766fbb0248fb56c",
    "/assets/icons/contact.svg": "ecb7d2fe43d0a5d1b033a6917381ea416ad615fa",
    "/assets/icons/coordinates.svg": "75a946819ee72e7b7fcb7bf2fe0e467bc38ac13a",
    "/assets/icons/country.svg": "7be844eaff466edb110a73d5bbaa6c5f1b67df4e",
    "/assets/icons/cow_mortality.png": "2039291eca6b8432b943a9aeded16de99567ad3e",
    "/assets/icons/cow_mortality.svg": "93fa8cd514efac63bd67686f5714be6c8ebf6e9a",
    "/assets/icons/cow_mortality_white.png": "42d79256d05c0a839fa28ffb62154f36111e4f1b",
    "/assets/icons/cow_mortality_white.svg": "94bf05c9d2ac5310426906f03218f4ded1c20fc8",
    "/assets/icons/curtain.svg": "42af12921b8e4c8d7654d6f52c4f2a3b7d6a65e3",
    "/assets/icons/customers.svg": "3394e044784b13e2d0273926f1af7338bef016e9",
    "/assets/icons/drinking-animal.svg": "e002cb7f5ee9f7d9e1ae7cfdf0f7d3ce605ce9b2",
    "/assets/icons/email.svg": "9dd8f0dd84160185819af03046297eb1d7bc59bc",
    "/assets/icons/enviroment.svg": "e14c9e21cd09acd9649ca6c47dcb1f2582a5b7a3",
    "/assets/icons/factory.svg": "8bd84416a3a93387deaad70c2bb1b0e7461064dc",
    "/assets/icons/fan.svg": "1fd14e6d3a3699ce20514fe3e0581bde10780716",
    "/assets/icons/farm.png": "15760852e1bd455878081bc397aa814ef84b50f7",
    "/assets/icons/farmer.svg": "75d5c76198477326702b766e5796a20f84a8237e",
    "/assets/icons/farms.svg": "1c793359d4a4352cc87a6402adee879138d83134",
    "/assets/icons/female.svg": "a61e62deb9efd13c8972df00b16a5cb35f271065",
    "/assets/icons/floor.svg": "6a8abbbcc5329c12c4d5b1a76cf34faef58e7d41",
    "/assets/icons/food.svg": "2efe53f520dd39211c3d28ee301dc12aa9e4810b",
    "/assets/icons/form_injection.svg": "a5558499cc66ab4ae64ebaeb9fc15fd7f5b1aca9",
    "/assets/icons/forma_registro.svg": "dcb9d06c7658506c4d59872c5b4cca91a20909ad",
    "/assets/icons/galpon.svg": "e491697616c49660403736cfe33928b28f8cedda",
    "/assets/icons/heating.svg": "a886cca2c82bfb85e80342a274164e67291cd526",
    "/assets/icons/height.svg": "450d4e9431b0afe1afed8d3ca6339fbc229d4338",
    "/assets/icons/hen.svg": "18f996a8536f11f35f4bf782129fbebc0ac01d53",
    "/assets/icons/hodging.svg": "b9bfebf0b6550c54b8af01333f683217099ff311",
    "/assets/icons/house-roof.svg": "b0cdded0e9c7c29987536eede72ccf35a171c74f",
    "/assets/icons/icon-128x128.png": "dcc93d1543068ec9fc3e08a671949af1912e2608",
    "/assets/icons/icon-144x144.png": "e4f0d78656915d118a0ca957f80b13f0c3853286",
    "/assets/icons/icon-152x152.png": "37ff8b112f60d83f4b5cce38073b534176a4ad16",
    "/assets/icons/icon-192x192.png": "bdaef2e6104315912c6f21b1ef022a2507b25b39",
    "/assets/icons/icon-384x384.png": "8d8ce8dccb1737b9b26201be7b8540eac5b53ef0",
    "/assets/icons/icon-512x512.png": "da6daaba884eef34713f7a98281d0abab5aecc0a",
    "/assets/icons/icon-72x72.png": "e73e61d285063bc348a5c60a953775246243a0b5",
    "/assets/icons/icon-96x96.png": "df4e770e65bff575cb417e9d10d289f59c988fcd",
    "/assets/icons/id.svg": "2de051176b51b1ef7da8de7e645a06317616bbca",
    "/assets/icons/incubator.svg": "907cdd77174f1206592caba1670cd3b4d568b231",
    "/assets/icons/injection.svg": "80d7f70b464c8e33a599878a741cb40e41cb15a0",
    "/assets/icons/injection_white.svg": "80d7f70b464c8e33a599878a741cb40e41cb15a0",
    "/assets/icons/legal.svg": "0ac0a36e1019a81fcb8a37ff10af1514abbbf428",
    "/assets/icons/line.svg": "0f0fbc5ee3de0daa24a412912baaf2c88ecf4485",
    "/assets/icons/male.svg": "83fd551a1e6a05675b06bb4e4986bfb69b551026",
    "/assets/icons/meter.svg": "78be140d2459d57ffe73845c33f41e432d795bd5",
    "/assets/icons/moon.svg": "6ab33c32d5213f5bc4bf520f32c9142a05b48c62",
    "/assets/icons/name.svg": "bf7347c264a6cadaa8be3e75f9d1be2eca2bb470",
    "/assets/icons/nest.svg": "ad8be040e7e8fb1a2b5daa62882fbf3b1f1e8aa3",
    "/assets/icons/number.svg": "2831f27af111cb4bffe45ac904c248c64427c154",
    "/assets/icons/obs.svg": "0a7cf2a2ba2515cae051a9b66f7c84f57257b5a9",
    "/assets/icons/over-roof.svg": "be803a54addfc5379ed39c21491e2b68fafd210c",
    "/assets/icons/papers.svg": "d4a4615ce9d9b3ba01bed2ab156ab0b51a16388e",
    "/assets/icons/percentage.svg": "a497e4effab8dc54e49728c49b43ddb5505db4c5",
    "/assets/icons/phone.svg": "50ee776876727985adb455a2a58ca8a1025d4e1e",
    "/assets/icons/pig.svg": "bf67931369cc8f3b009466c05ce7ba1b5d33af27",
    "/assets/icons/pig_white.svg": "c26829c29ddc733e170959721a866275563a0ec7",
    "/assets/icons/reset.svg": "249b80dd5ff33f93669bcf6b4b52f82acc7b1e74",
    "/assets/icons/rol.svg": "1e39d5457c0b481c32a146007778310e44d1d7c1",
    "/assets/icons/save.svg": "d0fa50ee0f5bb9d6d27bda67ab95894e7fd74ddc",
    "/assets/icons/state.svg": "56981d6a827d675356ab7609b804b284b4589b19",
    "/assets/icons/sun.svg": "93ea098565d736389497b74c679825ea92df7b2c",
    "/assets/icons/switch.svg": "80799dba2d48aae0dd64fd8b3e87a27eeb0ea4d2",
    "/assets/icons/town.svg": "4d99b496168b468eba2d037777b432e16e2860ff",
    "/assets/icons/users_white.svg": "fa5b5f43de352219636a3420a9ba2e32a872395d",
    "/assets/icons/weigth.svg": "0f05c546552f5e87e6eb3314bc53cb6c7c6b3912",
    "/assets/icons/width.svg": "d984e7f3bb735de368226958dcc59855eb463cad",
    "/assets/img/clientes.svg": "c5b1e9b8f63f4f2bd835c36193655f03984e42f9",
    "/assets/img/crianza_cerdos.svg": "882a0579b00213e45604577a747f8c81d981bd2e",
    "/assets/img/empresas.svg": "27b87fadad11c4525ffa2ca2f665debf478b5967",
    "/assets/img/galpon.png": "c80f02742df62856b322e490ac9a7bbfe73205fb",
    "/assets/img/galpon.svg": "df767df1fa81eac7c9c4d02312660de49306b9a8",
    "/assets/img/lote-postura.png": "1963a0352586911eeed571c1f6ae1065c9be2cd9",
    "/assets/img/mortalidad-postura.png": "6dcee8cbe2e4e2458e9ae86ef5ef4ebac60ee796",
    "/assets/img/pig.svg": "f18dbd2307ebae019d80e48bbe3959c0c3ddce5e",
    "/assets/img/pigs.png": "fa472719581597292a47d64bcf1007a5a2153840",
    "/assets/img/pigs.webp": "364ba559b4b8facba533e4747a7a3806a2581329",
    "/assets/img/plan-vacunal.png": "8a7131a7bc95d735bdcc899a5f4e447702682ac7",
    "/assets/img/porcicultura.svg": "f54db7157efebdbcc148051b6e02f358dbdc0652",
    "/assets/img/postura.svg": "d4d5c4ef88c5796f3968b8e68634e9125b08b503",
    "/assets/img/sedes.svg": "f608332dae97a727300c71b3e3b6d9c807de2fa7",
    "/assets/img/sucursales.svg": "343a0bc5e013b21b01bab97f948cae3689914594",
    "/assets/img/user.svg": "c0841b05c1616182581a9e8ba360ee93795ebfd3",
    "/assets/img/users.svg": "3f3acdd96956906c2e01b150e89a282ae1c3f476",
    "/assets/shapes.svg": "5413e95adabcb2cb639970051f55e0ddb64ace53",
    "/color.dae87a04d07ca92b.png": "ff4c4bcb2207891b292f544edb4da9d2df5d45cf",
    "/common.994dbc4ef1ae97d0.js": "8a343341966254810762fc472aef39aef19037eb",
    "/hue.8b1818380241e6ac.png": "f81ae627637a684614aa726e206c73ce099a01fd",
    "/index.html": "03b6b81459de987622133198eaaec550a32fed74",
    "/main.157174fe4930f94b.js": "d7e76b455eda14ebb8c815fb06353df1536770d0",
    "/manifest.webmanifest": "da2061dba175bf2d881980e8596ff5343e2dd7b6",
    "/polyfills-core-js.16553c7220d31d73.js": "3be976a456ad8434dd5ccedf59bd99d9c88a3f14",
    "/polyfills-dom.d61fca077d08d5d8.js": "cb8b560909db9d7e4c86547174b87a86eb98827b",
    "/polyfills.c63952985b0fb9d0.js": "ca8eb04c3ebf63d0c475a96f57624b702e2be894",
    "/primeicons.0112589c5695a9ed.ttf": "ceeb46d594fde5cc507cdf8b70e38e78fe47653c",
    "/primeicons.943ab24c43224d29.svg": "d3332a45242b8f6edbf3f3c7176a280e7edcd961",
    "/primeicons.ba3f916dfb64be8c.woff2": "55a4b2a5f02e362405d8d874903af0b5f6a6c15d",
    "/primeicons.f8b9e8a4e401b603.woff": "b1648b50be13350fde8b5d9a6fe78354ddcc43e4",
    "/runtime.d96f5400b7d589b4.js": "5ab57bbb6824846101930ee4bcc33466fa08d740",
    "/styles.9cf6a5a1b1a8d5c1.css": "70b14ee77e36a216b4fefd679ec2293865714275"
  },
  "navigationUrls": [
    {
      "positive": true,
      "regex": "^\\/.*$"
    },
    {
      "positive": false,
      "regex": "^\\/(?:.+\\/)?[^/]*\\.[^/]*$"
    },
    {
      "positive": false,
      "regex": "^\\/(?:.+\\/)?[^/]*__[^/]*$"
    },
    {
      "positive": false,
      "regex": "^\\/(?:.+\\/)?[^/]*__[^/]*\\/.*$"
    }
  ],
  "navigationRequestStrategy": "performance"
}