{
  "configVersion": 1,
  "timestamp": 1709883840504,
  "index": "/index.html",
  "assetGroups": [
    {
      "name": "app",
      "installMode": "prefetch",
      "updateMode": "prefetch",
      "cacheQueryOptions": {
        "ignoreVary": true
      },
      "urls": [
        "/1315.1696a8027d531a83.js",
        "/1372.580eb19200003be5.js",
        "/1745.011310766f0aeb32.js",
        "/185.9e29059c062ee086.js",
        "/1955.c767b44f34deadba.js",
        "/2148.59c6afbf6427a59d.js",
        "/2529.3dba4a8d5a31431c.js",
        "/2691.f0db3b68a9eaf3b0.js",
        "/2841.fc562fb9031e8e15.js",
        "/2869.1443bcd92c8ac619.js",
        "/2975.616ccdee105f4646.js",
        "/3113.53ba4617b08fc38e.js",
        "/3150.fb20c4c600c83a31.js",
        "/3483.54c720535b2b128f.js",
        "/3544.1b356ac8aadddc95.js",
        "/3591.857632ef7cb346b6.js",
        "/3672.5b49d7e4bbd5ef36.js",
        "/3734.a6373ddb29517c57.js",
        "/3998.c05ad3c1d0679ef1.js",
        "/4087.1fd9fee8883df733.js",
        "/4090.7150151ca35075b5.js",
        "/433.2eadc330687783e4.js",
        "/4458.97afa856fbf67a1b.js",
        "/4530.2fc0a689715284de.js",
        "/469.b3c7a0e896c32d24.js",
        "/4764.670cbbfec3e7b4fe.js",
        "/505.9141fd610a2ea55d.js",
        "/5454.c8a73d526825020b.js",
        "/5675.011c1383d2d17d90.js",
        "/5860.9ab493bd70492f07.js",
        "/587.5c1054f1a2a7a674.js",
        "/5962.f8b9338bfecfaa3f.js",
        "/6304.ffea01447fa50c96.js",
        "/6642.d2f5a0c9fbc1f7f4.js",
        "/6673.fa80e446cb3ed4f2.js",
        "/6704.2ad9693ff0d091d0.js",
        "/6754.54846d23736e545f.js",
        "/7059.dc8f3fe868163342.js",
        "/7130.c93aee667fb6e9bf.js",
        "/7219.069100375fe047d3.js",
        "/7465.3f673586440194da.js",
        "/7581.7e60436957b422d7.js",
        "/7635.e5b5bd12a1984ade.js",
        "/7666.df52426e3ba6d0d9.js",
        "/7958.13a8519aa838d00e.js",
        "/8034.ce85c6bcbbdfad2e.js",
        "/8382.04cd91125dc1593e.js",
        "/8476.ee9cfcb42695eb8c.js",
        "/8482.4cf23b58b764d9d4.js",
        "/8484.96563105e2d4f756.js",
        "/8543.c50873561bf1500c.js",
        "/8577.fa0a54e44982eec7.js",
        "/8633.9427946d0226bff3.js",
        "/8660.38fb1fd0162cf179.js",
        "/8811.5b967ffa44512c46.js",
        "/8866.048bad92cddd7f22.js",
        "/8990.2a4a23d77b7ba979.js",
        "/9094.d52dcd9bc4bf90f5.js",
        "/9352.ba2af2cf3038c01b.js",
        "/9588.75f758a9d26d8e3b.js",
        "/9793.813bf13b4bfffa55.js",
        "/9820.97561bb7a99dfbba.js",
        "/9857.005407a90b56667d.js",
        "/9865.9d0f5699af01feb9.js",
        "/9880.034493f645674a33.js",
        "/9882.f8a5d4da8598912f.js",
        "/9992.1517cddfe58282eb.js",
        "/common.5529454779c7d5b8.js",
        "/index.html",
        "/main.5425dd296e0bbad8.js",
        "/manifest.webmanifest",
        "/polyfills-core-js.93f56369317b7a8e.js",
        "/polyfills-dom.516ff539260f3e0d.js",
        "/polyfills.83cb6fe9c62d6e7b.js",
        "/runtime.04c8ef85310f505c.js",
        "/styles.68624aaaca283a57.css"
      ],
      "patterns": []
    },
    {
      "name": "assets",
      "installMode": "lazy",
      "updateMode": "prefetch",
      "cacheQueryOptions": {
        "ignoreVary": true
      },
      "urls": [
        "/assets/data/100k.json",
        "/assets/data/data.ts",
        "/assets/icon/favicon.png",
        "/assets/icon/icon-128x128.png",
        "/assets/icon/icon-144x144.png",
        "/assets/icon/icon-152x152.png",
        "/assets/icon/icon-192x192.png",
        "/assets/icon/icon-384x384.png",
        "/assets/icon/icon-512x512.png",
        "/assets/icon/icon-72x72.png",
        "/assets/icon/icon-96x96.png",
        "/assets/icon/logo.png",
        "/assets/icons/ancho.svg",
        "/assets/icons/area.svg",
        "/assets/icons/back.svg",
        "/assets/icons/barcode.svg",
        "/assets/icons/calendar.svg",
        "/assets/icons/check.svg",
        "/assets/icons/codigo_zona.svg",
        "/assets/icons/correo.svg",
        "/assets/icons/country.svg",
        "/assets/icons/customer.svg",
        "/assets/icons/dollar.svg",
        "/assets/icons/farm.svg",
        "/assets/icons/fase_alimentacion.svg",
        "/assets/icons/fase_alimento.svg",
        "/assets/icons/food.svg",
        "/assets/icons/gender.svg",
        "/assets/icons/gerente_zona.svg",
        "/assets/icons/hatchery.svg",
        "/assets/icons/hen.svg",
        "/assets/icons/icon-128x128.png",
        "/assets/icons/icon-144x144.png",
        "/assets/icons/icon-152x152.png",
        "/assets/icons/icon-192x192.png",
        "/assets/icons/icon-384x384.png",
        "/assets/icons/icon-512x512.png",
        "/assets/icons/icon-72x72.png",
        "/assets/icons/icon-96x96.png",
        "/assets/icons/id.svg",
        "/assets/icons/info_productiva.svg",
        "/assets/icons/largo.svg",
        "/assets/icons/liquidaciones.svg",
        "/assets/icons/lotes.svg",
        "/assets/icons/municipio.svg",
        "/assets/icons/nombre.svg",
        "/assets/icons/number.svg",
        "/assets/icons/password.svg",
        "/assets/icons/phone.svg",
        "/assets/icons/precio_alimento.svg",
        "/assets/icons/registro_clientes.svg",
        "/assets/icons/registro_granjas.svg",
        "/assets/icons/registro_usuarios.svg",
        "/assets/icons/reset.svg",
        "/assets/icons/rol.svg",
        "/assets/icons/save.svg",
        "/assets/icons/sede.svg",
        "/assets/icons/state.svg",
        "/assets/icons/tipo_galpon.svg",
        "/assets/icons/warehouse.svg",
        "/assets/icons/weight.svg",
        "/assets/img/banner.jpg",
        "/assets/img/clients_icon.svg",
        "/assets/img/exit_icon.svg",
        "/assets/img/farms_icon.svg",
        "/assets/img/galpones_icon.svg",
        "/assets/img/informacionproductiva_icon.svg",
        "/assets/img/liquidaciones_icon.svg",
        "/assets/img/lotes_icon.svg",
        "/assets/img/reports_icon.svg",
        "/assets/img/user_icon.svg",
        "/assets/img/users_icon.svg",
        "/assets/shapes.svg",
        "/data-table.029992b38cb863a4.svg",
        "/data-table.4f99927ffc558471.ttf",
        "/data-table.d233a8724a9532b6.woff"
      ],
      "patterns": []
    }
  ],
  "dataGroups": [],
  "hashTable": {
    "/1315.1696a8027d531a83.js": "fcfe7a5ad0b54b6593cbe85fc60cb96bd4c989cd",
    "/1372.580eb19200003be5.js": "0985c376abc8b6306a76d11884722e7513159a87",
    "/1745.011310766f0aeb32.js": "e636c0f32dbb582fa3e2da30970ababc6359caa8",
    "/185.9e29059c062ee086.js": "f634ef23a19a9c7e573f31c4825689c3e3d23c49",
    "/1955.c767b44f34deadba.js": "4de76eee315f4d735d40ff2431d7a562ae4e92eb",
    "/2148.59c6afbf6427a59d.js": "0be46ed4b6f56b5b70cd45819edc64be12661ed5",
    "/2529.3dba4a8d5a31431c.js": "20579f9b2bcd014a18fcf4f123a1c3d9f750e7e9",
    "/2691.f0db3b68a9eaf3b0.js": "bd4bc64312fd73780fac5ee622b35513e943398e",
    "/2841.fc562fb9031e8e15.js": "a126dbaaea29749fbd7ef32b9062c33c509e3e14",
    "/2869.1443bcd92c8ac619.js": "46e386f62827d853c85056129e2409089bb90c14",
    "/2975.616ccdee105f4646.js": "bbc7dacbf6fa06f4ca97e80e9874a531705964e2",
    "/3113.53ba4617b08fc38e.js": "a93d9a78a5e24b5785b24342b48d3b39dc98b81d",
    "/3150.fb20c4c600c83a31.js": "f326fc4a6b742c758b0a477f011a2ff2a84b155c",
    "/3483.54c720535b2b128f.js": "1b0d3a4d47ce4d7ecd944dfdc9cceb1ca741f630",
    "/3544.1b356ac8aadddc95.js": "1f7ffb1f52c2da9d5b2de77277804573d8330c94",
    "/3591.857632ef7cb346b6.js": "a9d255af41040da3eb53cb923f5396290d0d3fa2",
    "/3672.5b49d7e4bbd5ef36.js": "883f3d3747b37c1955d7c2df0f1c6211708ad2e7",
    "/3734.a6373ddb29517c57.js": "fbf4abde34d4932e6756caa48ef84900c9241fb0",
    "/3998.c05ad3c1d0679ef1.js": "3a471ef31e82b811aa0ab425e440d30d233d9e3e",
    "/4087.1fd9fee8883df733.js": "97bcbcd66dfe00ac9465fc295afb41cdd71ac376",
    "/4090.7150151ca35075b5.js": "4caf14e57e2bb942cbc273c58bb13ca60a6f43f6",
    "/433.2eadc330687783e4.js": "76140a2ffa24f1794decf720666c6013bcb3cff3",
    "/4458.97afa856fbf67a1b.js": "0629a5c450cae9e0be7d7ec2bf360cb15b80f982",
    "/4530.2fc0a689715284de.js": "08b2fffd2b8cea7ef09f1798fa8e54fcd12f2e7f",
    "/469.b3c7a0e896c32d24.js": "95074c3b4b6fea63ca64c92f0de5658ff2f9186c",
    "/4764.670cbbfec3e7b4fe.js": "4c7ce5c3b1e3f691371dcfd3d5bb47ed3cb3ecec",
    "/505.9141fd610a2ea55d.js": "ac5ff0f24ccc9ca84b9750317d90466f7392045f",
    "/5454.c8a73d526825020b.js": "e5c8b5e27a046638153718df34e0d4aeef070a07",
    "/5675.011c1383d2d17d90.js": "fe25b7bd66dc452360eb17358de3489ae6abba42",
    "/5860.9ab493bd70492f07.js": "191826de0a4cbeeae02c08985e0c16546d33341a",
    "/587.5c1054f1a2a7a674.js": "648619106a60e8f1e0dc363aa1e38f6077337a22",
    "/5962.f8b9338bfecfaa3f.js": "63d88fe5095fda1d02afb768d3528f2a0dc32f53",
    "/6304.ffea01447fa50c96.js": "051f21298ec1487e9a22a5bacfd911218699894c",
    "/6642.d2f5a0c9fbc1f7f4.js": "58e03dddf7f665193059a8416c0ad10cd11af419",
    "/6673.fa80e446cb3ed4f2.js": "6973686d8b1f34377fc54c8eb24ab7b5c8bcd0f5",
    "/6704.2ad9693ff0d091d0.js": "7977844b2ef68f1b8295e65e1fc9d9a42765d523",
    "/6754.54846d23736e545f.js": "0d2c5684a468e0cea2226384318799a862fa00fb",
    "/7059.dc8f3fe868163342.js": "22b93cb896ad41d456c0a61319891b833c4b9826",
    "/7130.c93aee667fb6e9bf.js": "5e2cfc6170b3bdaa25e4aa7396a731c97f72cd05",
    "/7219.069100375fe047d3.js": "326ba46e029902901c6bc3feb2a52cb0c2e32f1e",
    "/7465.3f673586440194da.js": "0af1fe1c78d8cfe924b5c501a8fc62a88d351d0a",
    "/7581.7e60436957b422d7.js": "e2a707bcff180eb3f6f8f16db6e58b17d179d52b",
    "/7635.e5b5bd12a1984ade.js": "780d6b8adc7116a08206c5220b7f0124aa83798c",
    "/7666.df52426e3ba6d0d9.js": "6ab388cee6fb9380eef7ccfabd51f2c6cd49f0e3",
    "/7958.13a8519aa838d00e.js": "257809a939adb8656f07a77eb832eb1255b81623",
    "/8034.ce85c6bcbbdfad2e.js": "3143d11f14eb18b6aa66db22a9634581c31a3da5",
    "/8382.04cd91125dc1593e.js": "ff0eb48ce88068d47e2df467caef0c0483fe0eb7",
    "/8476.ee9cfcb42695eb8c.js": "6992ae54f91686fde1c2b8a0cd410722d68cb1d9",
    "/8482.4cf23b58b764d9d4.js": "8eeb356dbccd85a82c16bd8626a03659e0084538",
    "/8484.96563105e2d4f756.js": "f43af5beb12a5128b6e943a28c41b57069183af8",
    "/8543.c50873561bf1500c.js": "58052df4ce00bc0ee5f66b8e0455f1302a784d39",
    "/8577.fa0a54e44982eec7.js": "b3698212aeadc2b0e0e1a6a56b1af070724d8139",
    "/8633.9427946d0226bff3.js": "4646a961fcd04db185926cf1676dc79a3ec35cf8",
    "/8660.38fb1fd0162cf179.js": "ca0957ac5e53fe53c65f57d81933848ac155ef9c",
    "/8811.5b967ffa44512c46.js": "17763ce523b28d5d26a517b3b94560fea1757ee6",
    "/8866.048bad92cddd7f22.js": "3eebae5c2226a1380bf12147db00293681732b4a",
    "/8990.2a4a23d77b7ba979.js": "be0b87f0c9a38808eb3588a9fb5074bcf8f94f09",
    "/9094.d52dcd9bc4bf90f5.js": "d9199efa98d031d82b580432a3fa04406ed209dc",
    "/9352.ba2af2cf3038c01b.js": "b299a52c766276929956bd53afec73b5d694ddc4",
    "/9588.75f758a9d26d8e3b.js": "57f2f921e18c9a395f88ce2aaa28984c3312a1f0",
    "/9793.813bf13b4bfffa55.js": "7b5a526ddafda184613661947aeb2db2999493fe",
    "/9820.97561bb7a99dfbba.js": "b9c95f0b863790325080f51b5667b3c8aea509ad",
    "/9857.005407a90b56667d.js": "02303ce31a8e1c1fe64c7594fa98320c758a1951",
    "/9865.9d0f5699af01feb9.js": "8b1ee435eaa344233a1aa1062f078ac413c0cf4b",
    "/9880.034493f645674a33.js": "62d36f6463bc47240ab05146803b17f92ede8f44",
    "/9882.f8a5d4da8598912f.js": "297251e32c9324d8a177d9f155456d563577b673",
    "/9992.1517cddfe58282eb.js": "7ce572900d6d88bd68d8458818fb5d5f5dc4e85e",
    "/assets/data/100k.json": "2997147c60839101eb8c259655767161dc33c790",
    "/assets/data/data.ts": "197d023447f9a4b69224fe335c5fb9cc633df8f9",
    "/assets/icon/favicon.png": "7798b8e0eb61d7375c245af78bbf5c916932bf13",
    "/assets/icon/icon-128x128.png": "f313fe9ae12d354e3947c26ff643164b37a95093",
    "/assets/icon/icon-144x144.png": "c0b1996630ca23d607189e763bb5f29dc7580e8b",
    "/assets/icon/icon-152x152.png": "aac52ae64ce55e2a340dafa14cf5101e2fc3be97",
    "/assets/icon/icon-192x192.png": "aefdafbfa2d4c8462055f600d5bfde3b7acc4e22",
    "/assets/icon/icon-384x384.png": "94b60c65912b3d922e4c3ca05c03baa2ac4b30ac",
    "/assets/icon/icon-512x512.png": "7c73a7078166389f821101df401e5476f551381e",
    "/assets/icon/icon-72x72.png": "e4e412639fe98b03c679ba6fe95659d932bd8d4d",
    "/assets/icon/icon-96x96.png": "da42001442d1ece875391563fd37d47bc73cc8ff",
    "/assets/icon/logo.png": "c58291c45cb6fa8816cacb96ceb635eb8faded14",
    "/assets/icons/ancho.svg": "439f2353143b3713260b8592059d16b31cb31984",
    "/assets/icons/area.svg": "0937b852ab8b98deafc125b216d408128e948ca0",
    "/assets/icons/back.svg": "7cff644988293c620cff2b50683c872b45e273f2",
    "/assets/icons/barcode.svg": "1a2cbb87d45a355f348533f144625963977b436c",
    "/assets/icons/calendar.svg": "142379b83ca034febde08de0768d0e27a4896bbe",
    "/assets/icons/check.svg": "c4c8cd12d3a7ae163a4977ff795f59e0bec68b68",
    "/assets/icons/codigo_zona.svg": "fd2070fbcb824c551cfeb91b9caa34e555fd5e7a",
    "/assets/icons/correo.svg": "91cbe729a39656cff00e478d026a54e1e6c33533",
    "/assets/icons/country.svg": "cfe682e7bf2907b0df75999ad74f3919490d7a0c",
    "/assets/icons/customer.svg": "3dde4d4072d1b47b892ebd4a3180e6f0f84b1962",
    "/assets/icons/dollar.svg": "3545b15a33852e4553de75c83a435c87e77ff476",
    "/assets/icons/farm.svg": "ea7834510e32dcd5f33e47f186c8ec5b1c2e5f94",
    "/assets/icons/fase_alimentacion.svg": "2e91a0656cf6858bbce7a9914d82184f24780058",
    "/assets/icons/fase_alimento.svg": "7e0b37426dc7f1c458c36227fee99ca418c09ddc",
    "/assets/icons/food.svg": "7b4eeac26c162e9b21a9bde6cfa027d3dbe76811",
    "/assets/icons/gender.svg": "33b8c63c96a189840a2f3fa54fc3fad8a447ed71",
    "/assets/icons/gerente_zona.svg": "2d736bc577ee7ffe2db3a2bb13dac7f1e9ab7626",
    "/assets/icons/hatchery.svg": "a86cd4fd5751e0ff2f1350932371737e959962c2",
    "/assets/icons/hen.svg": "7cba3a5ebfdee57a08112e042366caac4200dc5e",
    "/assets/icons/icon-128x128.png": "f912963bdc6d5a38d8f1dd0afbaab2ce8d657acb",
    "/assets/icons/icon-144x144.png": "b155fd5f2fd5d2ea7760721063003c4cd95fd783",
    "/assets/icons/icon-152x152.png": "eae6e0f0c8afb8aaae339e2a569b43e9238e5e6c",
    "/assets/icons/icon-192x192.png": "15c4180454633880d98674aa7394656196c91584",
    "/assets/icons/icon-384x384.png": "94a915751ef6c9282df9aea405ad679230631814",
    "/assets/icons/icon-512x512.png": "1de182f76f7329dfa8f9fcdd1fdcdd695bea6a99",
    "/assets/icons/icon-72x72.png": "aa88a6096bd973be7f6d7a5489bfa6bc2463f8c4",
    "/assets/icons/icon-96x96.png": "7fb8f59c30ce2ff12c700321a0b39e14b3dc8f95",
    "/assets/icons/id.svg": "29aed3475cee09ef0988538752994651acdd3afc",
    "/assets/icons/info_productiva.svg": "af670dc070a94aab4e7ea8eac90436472a88af9d",
    "/assets/icons/largo.svg": "ac4c2aa97b56561967981ea06fdc7b575ff1a90d",
    "/assets/icons/liquidaciones.svg": "f18ee14c8a610e39d3d8e79f836b19d8f543a9b2",
    "/assets/icons/lotes.svg": "975218f763916cc348da805baf9059db2c773cc1",
    "/assets/icons/municipio.svg": "dae5d7accc0e25157005321642992e4823d9e210",
    "/assets/icons/nombre.svg": "1cb60505078224e736af6888d7fe0f3a432b28fd",
    "/assets/icons/number.svg": "fd2070fbcb824c551cfeb91b9caa34e555fd5e7a",
    "/assets/icons/password.svg": "0865795c185896d5399de2604e2bc6a3addba3d6",
    "/assets/icons/phone.svg": "03937bcd831bd6f8a4ff2107e8471b8cb820a4ed",
    "/assets/icons/precio_alimento.svg": "646396fbff4844ea2f7093b9775f6bcaa8161334",
    "/assets/icons/registro_clientes.svg": "354edde95a779ae2f8a006dcf71567549336a1a0",
    "/assets/icons/registro_granjas.svg": "e11414723c9c26a7e9f862cbdf204d81d67b5bc6",
    "/assets/icons/registro_usuarios.svg": "fda93de2cd09ef3e0002d09886910556bdfc063e",
    "/assets/icons/reset.svg": "e6a9906dc8f2e51c33a71d1c4d46a160cafa930c",
    "/assets/icons/rol.svg": "a111acd9f7a8247e1f5d20204cbcf57c0824c7ff",
    "/assets/icons/save.svg": "5610c566b475c2d19812e364f2bd7721ee6c6924",
    "/assets/icons/sede.svg": "5124729a8b61742a98f09e4d45b46da4e221da3c",
    "/assets/icons/state.svg": "3423cc06f5bb5bb4ad92f048209cddf1e65d0878",
    "/assets/icons/tipo_galpon.svg": "1af5c66cd2245336840f0c535ea78448252d82a9",
    "/assets/icons/warehouse.svg": "69e0aa99f5111bd45b2448c081191c5d4b67c3fd",
    "/assets/icons/weight.svg": "62ffd317982ff706acb43c04128574973f377d2f",
    "/assets/img/banner.jpg": "c8f5d954c1b655af039921e316bed48f447c32ce",
    "/assets/img/clients_icon.svg": "347dd28fb3e84ad39579cf90fa4a554a4fd3dd10",
    "/assets/img/exit_icon.svg": "47489f016abbc5152d748deecc9c13483b6ea56c",
    "/assets/img/farms_icon.svg": "1c56d621e7cc7a333679343226b9419d20dccc32",
    "/assets/img/galpones_icon.svg": "43aa5e361749ac078ca84031225301691d185830",
    "/assets/img/informacionproductiva_icon.svg": "72e2239456b9f75a57f51710fb275a7655f2f27a",
    "/assets/img/liquidaciones_icon.svg": "2fec2998848a8cba663efee7854110c293a68086",
    "/assets/img/lotes_icon.svg": "58cc10045249fd5f01b1750c495e66ebf4099d7a",
    "/assets/img/reports_icon.svg": "2fdc2d709593d9014761b1cbdda802c0e5e04584",
    "/assets/img/user_icon.svg": "c861360959066d2ec0c5e36d9411dc02da59c807",
    "/assets/img/users_icon.svg": "079e9312686ad2183af1777dacbd6ed7d6acda0b",
    "/assets/shapes.svg": "5413e95adabcb2cb639970051f55e0ddb64ace53",
    "/common.5529454779c7d5b8.js": "1d8c5e1cbf3015fbc0a98e61740fd1ef3686f212",
    "/data-table.029992b38cb863a4.svg": "f1880710c0888c2cbc32311ca20bc3950e38e274",
    "/data-table.4f99927ffc558471.ttf": "5c23a1ceb1b1d37844a864c02cd97b145e6243dd",
    "/data-table.d233a8724a9532b6.woff": "d4582b40484b4ee1fd334a5577fd945e804484f9",
    "/index.html": "d88099c270cde6b3c0da9f5dfaa04149deabd366",
    "/main.5425dd296e0bbad8.js": "244974d5b70ad64b4ad3c3fe0547f4c99f931c75",
    "/manifest.webmanifest": "7e3f9b494c61965c072514dc53466d905a2fa382",
    "/polyfills-core-js.93f56369317b7a8e.js": "c8e9e4ae48fec22ae530c491f407d01f349509a9",
    "/polyfills-dom.516ff539260f3e0d.js": "cea88d53dd7d9ae658909b54c7bf701b2c796086",
    "/polyfills.83cb6fe9c62d6e7b.js": "c9e8924d428eeca35fc2adc77dbe07e4a82e4d8a",
    "/runtime.04c8ef85310f505c.js": "603f6578f9f22e15e6cd387255be204afda443ef",
    "/styles.68624aaaca283a57.css": "4f1446164a31e11163ac9a7b3dbdee12b128a082"
  },
  "navigationUrls": [
    {
      "positive": true,
      "regex": "^\\/.*$"
    },
    {
      "positive": false,
      "regex": "^\\/(?:.+\\/)?[^/]*\\.[^/]*$"
    },
    {
      "positive": false,
      "regex": "^\\/(?:.+\\/)?[^/]*__[^/]*$"
    },
    {
      "positive": false,
      "regex": "^\\/(?:.+\\/)?[^/]*__[^/]*\\/.*$"
    }
  ],
  "navigationRequestStrategy": "performance"
}